"id","first_name","last_name","email","count"
3401516993,"Lance","Bonar","lbonarba@godaddy.com",43
3449248641,"Lenore","Beedie","lbeedie4b@ask.com",23
580107239478,"Thacher","Huckle","thucklebz@last.fm",17
2944275329,"Cordelie","Faulo","cfaulof2@hp.com",16
252393619482,"Marlee","Feary","mfeary56@hhs.gov",14
4318566977,"Dixie","Syversen","dsyversen4t@clickbank.net",14
2838374081,"Erich","Jozsef","ejozsefam@linkedin.com",13
1401898631222,"Faulkner","MacLaren","fmaclarencj@utexas.edu",13
3437410177,"Nap","Marham","nmarham4i@smh.com.au",12
2769834868790,"Magdaia","Gantlett","mgantletta0@admin.ch",12
2326841589814,"Hillel","Yeude","hyeudef9@prlog.org",12
551330021430,"Cristine","Benyon","cbenyon8o@a8.net",11
1096777662518,"Arlina","Titheridge","atitheridgerb@feedburner.com",11
1029666930742,"Martin","Loisi","mloisi59@bluehost.com",10
547138568246,"Stormi","Cadle","scadle7r@arstechnica.com",10
1229277757494,"Cesya","Duncan","cduncana9@xrea.com",10
4261325633,"Roley","Crann","rcrann8y@blinklist.com",10
3122667649,"Celestine","Burdus","cburduscb@nyu.edu",10
1141605793846,"Hetti","Easdon","heasdonkw@java.com",10
2891994113,"Merell","Wedmore","mwedmorecs@google.com.hk",10
6702922125,"Rorke","Pinkstone","rpinkstone5o@surveymonkey.com",10
545775386678,"Pippa","Carlyon","pcarlyon5k@weather.com",10
3993695873,"Bealle","Lansberry","blansberry8d@nba.com",10
